"","plot","mean.height","height.2","mean.height.var","mean.height.rms","transect.length","mode.el","max.el","mode.2","max.can.ht","mean.max.ht","mean.vai","mean.peak.vai","deep.gaps","deep.gap.fraction","porosity","std.std","mean.std","rugosity","top.rugosity","plot","mean.return.ht","sd.return.ht","sky.fraction","cover.fraction","max.ht","scan.density","rumple","clumping.index","enl"
"1","ac_103.CSV",12.4732747127144,4.2715921732036,18.2464996941742,13.1613397910905,30,12.8666666666667,5.67383506329393,5.87063606571656,23.236,17.7933333333333,5.74704607446435,2.59319161765913,0,0,0.709722222222222,634.899389063341,17.3687652350806,18.2544620099305,4.90696044222991,"ac_103.CSV",11.5263125423311,6.0965087914666,11.4111165657557,88.5888834342443,23.236,611.233333333333,3.5,0.938043524214597,19.2681958535509
