"","plot","mean.height","height.2","mean.height.var","mean.height.rms","transect.length","mode.el","max.el","mode.2","max.can.ht","mean.max.ht","mean.vai","mean.peak.vai","deep.gaps","deep.gap.fraction","porosity","std.std","mean.std","rugosity","top.rugosity","plot","mean.return.ht","sd.return.ht","sky.fraction","cover.fraction","max.ht","scan.density","rumple","clumping.index","enl"
"1","rp97_2.CSV",2.03393964418323,2.56831483265614,6.59624107964155,3.25088380734081,40,1.75,4.06545501126294,2.51915736827889,10.315,2.527575,1.31519828001969,0.779929032423696,19,0.475,0.834090909090909,0.691072751931238,0.359245475326441,0.749676890659381,3.28292235267878,"rp97_2.CSV",4.127039445629,2.40991553870648,69.1447368421053,30.8552631578947,10.315,532.125,2.175,0.968162920061384,8.47217806041336
